{"episode_rewards": [-6.968915311317809], "episode_types": ["t"], "timestamps": [1503447350.2567234], "episode_lengths": [28], "initial_reset_timestamp": 1503447349.1164265}